Model,R2,MAE
LSTM,0.6286968355025079,0.3556386899948121
1D-CNN,0.6080453101728802,0.37371895541315503
Transformer,0.7134032784663149,0.309973201751709
Ensemble(Transformer+LSTM),0.6883939717174032,0.3149633631498917
